date,open,high,low,close
2021-01-01,90.33,90.45,97.10,90.11
2021-01-04,97.07,102.99,104.30,100.20
2021-01-05,102.21,100.00,100.60,98.26
2021-01-06,98.60,101.00,102.00,99.50
2021-01-07,99.85,101.00,101.29,97.00
2021-01-08,97.94,98.85,99.00,97.75
2021-01-11,98.38,100.00,100.25,97.02
2021-01-12,97.39,97.40,99.26,97.10
2021-01-13,99.04,100.01,100.49,98.25
2021-01-14,98.76,98.90,98.90,97.39
2021-01-15,97.70,98.09,98.30,97.43
2021-01-18,97.66,97.00,97.10,94.50
2021-01-19,94.92,94.70,97.50,93.77
2021-01-20,94.92,95.49,95.50,92.80
2021-01-21,93.40,93.50,94.70,93.50
2021-01-22,94.23,94.00,94.39,92.91
2021-01-25,93.41,93.55,94.49,92.96
2021-01-26,93.05,93.12,94.08,92.92
2021-01-27,93.99,94.29,94.30,93.10
2021-01-28,93.27,93.10,93.70,92.01
2021-01-29,92.30,92.35,93.25,91.45
2021-02-01,91.67,92.00,92.49,91.60
2021-02-02,91.85,93.20,94.79,91.98
2021-02-03,93.39,94.50,94.65,92.95
2021-02-04,93.06,95.11,96.25,93.83
2021-02-08,94.10,94.90,95.39,93.90
2021-02-09,94.08,95.20,95.20,94.01
2021-02-10,94.33,94.30,94.50,92.70
2021-02-11,93.11,93.50,93.50,91.11
2021-02-12,91.54,91.21,91.50,90.00
2021-02-15,90.17,91.50,92.50,91.50
2021-02-16,92.13,92.53,94.25,92.52
2021-02-17,93.05,93.35,94.25,92.20
2021-02-18,92.40,93.38,93.38,91.00
2021-02-19,91.48,91.02,92.49,91.02
2021-02-22,91.84,91.68,92.40,90.00
2021-02-23,90.26,92.00,93.45,91.52
2021-02-24,91.76,91.55,91.76,90.25
2021-02-25,90.61,91.38,91.87,90.99
2021-02-26,91.12,91.00,91.15,90.00
2021-03-01,90.42,91.00,91.00,89.30
2021-03-02,90.72,90.10,92.94,90.00
2021-03-03,91.13,91.13,91.49,90.10
2021-03-04,90.69,89.00,90.49,88.55
2021-03-05,89.63,90.28,91.35,89.75
2021-03-08,90.89,92.80,93.10,89.89
2021-03-09,90.11,90.35,90.35,87.22
2021-03-10,87.70,88.00,88.20,86.21
2021-03-11,86.67,86.06,87.00,85.00
2021-03-12,85.39,85.75,87.40,85.50
2021-03-15,86.47,88.00,88.88,87.60
2021-03-16,88.01,88.03,88.15,87.10
2021-03-17,87.29,88.00,89.40,87.51
2021-03-18,88.81,88.89,88.90,86.40
2021-03-19,86.64,85.21,87.00,85.00
2021-03-24,92.54,91.48,92.25,90.25
2021-03-25,91.69,92.10,93.52,90.81
2021-03-26,90.94,91.00,91.20,90.01
2021-03-29,90.22,90.25,90.26,87.50
2021-03-30,87.78,87.60,88.40,87.01
2021-03-31,87.45,87.65,88.40,87.00
2021-04-01,87.33,87.30,87.69,86.50
2021-04-02,86.96,87.67,87.69,86.00
2021-04-05,86.23,86.95,86.95,85.00
2021-04-06,85.07,85.74,86.45,85.00
2021-04-07,86.10,86.49,86.49,84.49
2021-04-08,84.71,85.24,85.58,84.80
2021-04-09,83.97,85.87,85.90,83.97
2021-04-12,85.39,85.84,87.25,84.70
2021-04-13,85.42,85.65,85.75,85.01
2021-04-14,85.30,85.13,86.20,85.13
2021-04-15,86.03,86.94,87.15,86.00
2021-04-16,86.28,86.22,86.56,85.81
2021-04-19,85.97,85.30,85.30,84.61
2021-04-20,84.97,85.20,85.74,85.00
2021-04-21,85.16,85.39,85.39,84.51
2021-04-22,84.69,84.69,84.69,82.90
2021-04-23,83.02,83.00,83.00,81.90
2021-04-26,82.38,82.00,88.55,82.00
2021-04-27,88.55,88.49,90.00,84.01
2021-04-28,84.75,85.00,85.45,83.00
2021-04-29,83.19,83.25,83.90,82.10
2021-04-30,82.56,82.51,82.98,80.81
2021-05-03,81.17,81.01,82.35,80.51
2021-05-04,81.98,82.48,82.48,81.50
2021-05-05,81.90,84.00,84.20,82.85
2021-05-06,83.25,84.00,84.00,82.45
2021-05-17,82.60,83.01,83.04,81.00
2021-05-18,81.35,81.75,83.60,81.50
2021-05-19,82.72,83.00,84.50,82.50
2021-05-20,82.62,82.60,82.74,82.00
2021-05-21,82.18,83.00,84.48,82.50
2021-05-24,84.18,85.50,86.79,85.25
2021-05-25,85.54,85.61,86.80,85.00
2021-05-26,86.15,85.51,88.61,85.51
2021-05-27,88.10,88.60,89.00,87.25
2021-05-28,87.74,87.74,93.74,87.30
2021-05-31,90.67,91.99,93.00,90.85
2021-06-01,92.38,93.00,95.45,92.90
2021-06-02,94.87,94.90,95.10,93.00
2021-06-03,93.75,94.00,94.70,93.50
2021-06-04,93.68,94.25,94.38,93.02
2021-06-07,93.82,95.31,95.40,92.75
2021-06-08,93.21,93.00,93.25,92.02
2021-06-09,92.99,93.89,93.95,91.30
2021-06-10,91.50,91.48,92.00,90.50
2021-06-11,90.68,90.70,91.49,89.90
2021-06-14,90.07,91.69,95.00,90.80
2021-06-15,94.38,94.40,94.78,92.20
2021-06-16,92.37,93.01,93.45,91.09
2021-06-17,91.25,91.40,91.80,90.12
2021-06-18,90.34,91.82,91.95,90.00
2021-06-21,90.32,91.10,91.10,90.00
2021-06-22,90.05,90.45,90.85,89.92
2021-06-23,90.00,90.60,91.00,89.90
2021-06-24,90.19,90.49,90.50,90.00
2021-06-25,90.26,90.06,90.40,88.70
2021-06-28,89.01,89.00,89.20,87.70
2021-06-29,87.92,88.10,88.51,84.96
2021-06-30,85.37,85.40,87.45,85.40
2021-07-01,86.83,90.00,90.00,88.01
2021-07-02,88.72,88.64,89.00,87.75
2021-07-05,87.84,87.80,88.10,86.70
2021-07-06,86.87,87.00,87.60,86.00
2021-07-07,86.34,85.55,86.15,85.15
2021-07-08,85.55,86.00,88.00,85.65
2021-07-09,86.93,87.00,87.00,85.66
2021-07-12,86.05,86.05,86.71,85.70
2021-07-13,86.02,85.73,86.39,85.20
2021-07-14,85.40,86.09,86.09,85.05
2021-07-15,85.20,85.10,86.50,85.00
2021-07-16,85.64,85.98,85.99,85.50
2021-07-19,85.67,86.37,86.55,85.30
2021-07-26,85.51,85.97,85.97,83.00
2021-07-27,83.23,83.90,84.20,83.55
2021-07-28,83.65,84.00,84.00,83.00
2021-07-29,83.16,83.02,83.75,82.60
2021-07-30,82.97,83.64,84.50,81.74
2021-08-02,81.86,82.10,82.97,82.00
2021-08-03,82.88,82.60,82.82,82.20
2021-08-04,82.64,82.89,82.90,82.00
2021-08-05,82.04,82.20,82.50,81.80
2021-08-06,82.00,82.45,82.45,81.85
2021-08-09,81.98,82.00,82.35,81.00
2021-08-10,81.33,81.33,81.49,80.81
2021-08-11,81.01,81.25,81.75,80.85
2021-08-12,80.97,81.50,81.50,80.00
2021-08-13,80.06,80.40,80.45,79.79
2021-08-16,79.92,79.92,80.00,78.00
2021-08-17,78.98,78.51,79.40,78.28
2021-08-20,78.97,78.60,79.39,78.30
2021-08-23,78.78,79.15,84.30,79.15
2021-08-24,82.41,82.50,82.82,80.00
2021-08-25,80.53,80.67,81.25,79.80
2021-08-26,79.96,79.98,80.49,79.51
2021-08-27,79.91,80.00,80.00,78.84
2021-08-30,79.46,80.00,82.77,79.46
2021-08-31,80.89,81.47,83.39,80.70
2021-09-01,81.76,83.02,83.02,81.80
2021-09-02,81.96,81.60,81.90,80.55
2021-09-03,80.84,81.01,81.70,80.04
2021-09-06,80.25,80.11,81.25,80.10
2021-09-07,80.37,80.12,80.80,79.80
2021-09-08,79.91,80.00,80.79,79.00
2021-09-09,79.05,79.01,79.89,78.85
2021-09-10,78.93,79.50,79.60,77.89
2021-09-13,78.16,78.25,78.60,78.00
2021-09-14,78.25,78.30,78.55,77.25
2021-09-15,77.64,78.00,78.01,76.70
2021-09-16,76.84,77.69,79.10,76.75
2021-09-17,78.30,78.74,79.79,77.10
2021-09-20,77.53,77.53,77.85,76.60
2021-09-21,76.73,77.00,77.50,75.53
2021-09-22,76.21,76.21,76.35,74.52
2021-09-23,75.45,75.30,76.00,73.00
2021-09-24,73.75,74.00,74.90,72.90
2021-09-27,74.08,74.30,74.85,73.00
2021-09-28,73.92,74.01,74.77,72.53
2021-09-29,73.43,73.20,74.00,72.00
2021-09-30,72.50,72.50,76.40,71.05
2021-10-01,74.91,73.01,74.85,73.00
2021-10-04,74.37,74.01,74.01,72.50
2021-10-05,72.90,73.06,74.20,72.00
2021-10-06,72.48,72.25,74.48,71.40
2021-10-07,71.79,72.00,72.95,71.60
2021-10-11,71.90,72.21,73.90,72.20
2021-10-12,73.21,73.45,74.50,72.71
2021-10-13,74.00,74.44,75.20,72.51
2021-10-14,72.85,73.50,74.75,72.05
2021-10-15,72.32,73.00,75.99,72.32
2021-10-18,75.39,75.98,79.90,75.05
2021-10-20,77.18,77.01,78.10,77.01
2021-10-21,77.52,78.80,79.80,77.60
2021-10-22,78.86,79.15,79.20,76.00
2021-10-25,76.63,77.00,77.50,76.50
2021-10-26,77.25,77.88,77.99,75.80
2021-10-27,75.99,76.10,78.04,76.00
2021-10-28,76.91,77.00,77.40,76.05
2021-10-29,76.36,77.00,77.00,75.00
2021-11-01,75.86,76.01,79.10,76.01
2021-11-02,78.43,78.99,79.49,77.61
2021-11-03,78.18,77.51,78.00,75.70
2021-11-04,76.05,75.61,76.65,75.61
2021-11-05,76.45,76.90,77.90,76.25
2021-11-08,76.59,77.00,77.00,74.90
2021-11-09,75.04,75.01,75.51,73.00
2021-11-10,73.10,73.50,74.85,73.50
2021-11-11,74.33,74.35,74.45,72.81
2021-11-12,73.05,73.90,73.90,71.95
2021-11-15,72.06,71.87,72.89,71.70
2021-11-16,71.89,72.05,76.89,72.05
2021-11-17,75.75,75.75,75.99,74.01
2021-11-18,74.68,74.10,74.80,73.89
2021-11-19,74.22,73.75,77.00,73.75
2021-11-22,76.53,76.50,76.50,74.00
2021-11-23,74.20,74.74,74.74,72.51
2021-11-24,72.83,73.99,74.79,71.51
2021-11-25,72.61,72.30,73.00,71.10
2021-11-26,71.72,71.90,72.00,70.01
2021-11-29,70.45,70.01,75.30,69.05
2021-11-30,74.79,75.49,78.50,74.15
2021-12-02,76.70,76.50,76.50,71.00
2021-12-03,71.93,72.00,73.10,70.02
2021-12-06,71.37,71.40,75.80,71.00
2021-12-07,75.12,74.90,79.90,74.50
2021-12-08,77.98,78.50,79.73,76.80
2021-12-09,78.34,79.00,82.90,78.30
2021-12-10,81.60,81.90,83.49,80.01
2021-12-13,80.98,81.50,81.60,78.45
2021-12-14,78.60,79.90,79.90,76.80
2021-12-15,78.39,78.95,83.74,77.51
2021-12-16,82.13,82.75,82.75,79.50
2021-12-17,79.96,80.10,81.99,78.80
2021-12-20,81.22,80.80,82.10,80.30
2021-12-21,81.87,82.19,82.50,79.75
2021-12-22,79.91,80.02,80.80,79.52
2021-12-23,80.35,80.90,82.00,80.40
2021-12-24,80.48,80.51,81.25,79.41
2021-12-27,79.87,80.65,80.65,78.56
2021-12-28,78.82,78.90,80.10,78.85
2021-12-29,79.15,78.60,79.59,78.60
2021-12-30,78.82,79.40,79.49,77.50
2021-12-31,78.14,78.15,79.98,77.65
2022-01-03,79.04,79.25,79.79,78.60
2022-01-04,78.94,79.19,80.15,79.10
2022-01-05,79.62,79.51,80.20,79.00
2022-01-06,79.06,79.38,79.38,78.01
2022-01-07,78.18,78.87,78.87,78.03
2022-01-10,78.59,78.79,79.60,78.10
2022-01-11,78.51,78.88,78.88,77.91
2022-01-12,78.04,78.10,79.85,78.06
2022-01-13,78.86,78.90,79.24,78.50
2022-01-14,78.75,79.20,79.90,78.41
2022-01-17,79.62,79.70,80.00,78.70
2022-01-18,79.45,79.89,81.30,79.50
2022-01-19,80.14,80.60,81.20,78.61
2022-01-20,79.50,78.80,80.65,78.51
2022-01-21,80.42,80.55,80.85,79.60
2022-01-24,80.19,80.60,80.70,79.75
2022-01-25,80.37,80.25,80.41,79.55
2022-01-26,79.62,79.95,80.17,79.05
2022-01-27,79.20,79.26,80.10,78.51
2022-01-28,78.82,79.27,79.60,78.50
2022-01-31,78.59,79.30,80.00,78.75
2022-02-01,79.61,79.40,81.00,79.17
2022-02-02,80.72,80.97,82.75,80.26
2022-02-03,82.46,83.00,83.00,81.35
2022-02-04,81.59,82.30,83.60,81.10
2022-02-07,81.38,81.49,83.75,81.49
2022-02-08,82.73,82.51,83.23,81.90
2022-02-09,82.05,82.00,83.98,81.50
2022-02-11,82.29,82.50,83.30,81.70
2022-02-14,82.07,82.49,82.50,81.70
2022-02-15,81.86,81.56,81.98,80.30
2022-02-16,80.62,81.49,81.49,80.01
2022-02-17,80.29,80.98,81.98,79.60
2022-02-18,80.14,80.00,81.70,79.60
2022-02-21,81.30,81.89,81.89,80.20
2022-02-22,80.33,80.40,80.40,78.90
2022-02-23,79.81,80.47,80.47,78.90
2022-02-24,79.80,79.00,80.00,76.50
2022-02-25,78.20,77.98,78.72,75.67
2022-02-28,76.64,77.85,78.50,75.60
2022-03-01,78.14,84.00,84.00,81.75
2022-03-02,83.20,81.50,84.50,81.50
2022-03-03,84.22,84.55,89.00,84.00
2022-03-04,87.51,87.50,88.50,86.60
2022-03-07,87.08,87.00,88.35,83.51
2022-03-08,84.58,84.35,85.59,81.55
2022-03-09,80.82,81.45,83.00,80.00
2022-03-10,81.41,82.70,82.75,81.30
2022-03-11,82.21,82.50,82.50,80.60
2022-03-14,80.97,81.20,81.28,78.75
2022-03-15,79.13,79.89,79.89,77.26
2022-03-16,78.08,77.98,78.88,77.65
2022-03-17,77.96,78.00,78.10,76.60
2022-03-18,76.85,75.00,76.00,72.00
2022-03-21,72.43,73.65,75.50,73.06
2022-03-22,73.35,74.97,75.00,71.61
2022-03-24,72.15,72.48,73.00,71.57
2022-03-25,72.88,73.47,73.47,72.02
2022-03-28,72.42,72.25,73.55,71.49
2022-03-29,73.35,73.96,74.49,73.34
2022-03-30,73.79,73.48,73.50,72.00
2022-03-31,72.94,73.49,74.00,72.35
2022-04-01,72.80,73.97,73.99,72.50
2022-04-04,73.18,71.27,72.50,68.97
2022-04-05,70.40,70.65,71.50,69.90
2022-04-06,70.19,70.99,71.70,69.70
2022-04-07,69.94,70.07,70.64,69.01
2022-04-08,69.40,70.00,71.50,70.00
2022-04-11,71.23,73.25,74.50,73.00
2022-04-12,74.18,74.50,74.60,73.05
2022-04-13,73.79,73.90,75.80,73.05
2022-04-14,73.58,73.10,74.00,72.90
2022-04-15,73.09,73.48,73.80,72.41
2022-04-18,73.49,73.49,79.00,73.49
2022-04-19,79.00,80.50,80.50,76.51
2022-04-20,76.91,77.37,77.40,75.01
2022-04-21,75.17,75.17,75.17,74.51
2022-04-22,75.02,75.45,76.90,74.75
2022-04-25,76.14,76.99,77.98,76.30
2022-04-26,76.49,76.98,76.98,75.00
2022-04-27,75.09,75.00,77.75,74.00
2022-04-28,75.10,75.00,75.01,73.40
2022-05-06,73.88,73.31,74.50,72.50
2022-05-09,72.59,72.60,72.60,69.81
2022-05-10,70.03,70.00,71.09,69.25
2022-05-11,69.52,69.97,70.00,68.30
2022-05-12,69.63,69.80,69.80,67.51
2022-05-13,69.07,69.50,72.25,69.50
2022-05-16,71.36,70.78,70.78,68.81
2022-05-17,69.09,69.74,69.74,68.75
2022-05-18,68.90,68.78,69.74,68.51
2022-05-19,68.86,68.80,68.99,67.99
2022-05-20,68.07,68.58,68.61,68.01
2022-05-23,68.33,67.60,68.90,67.00
2022-05-24,67.33,67.67,67.98,66.60
2022-05-25,66.78,67.53,67.53,65.15
2022-05-26,65.67,65.99,66.35,65.10
2022-05-27,66.02,67.90,69.09,66.00
2022-05-30,66.69,67.17,69.39,67.17
2022-05-31,68.03,68.59,69.25,68.11
2022-06-01,68.72,68.60,69.10,67.25
2022-06-02,67.47,67.69,68.00,65.91
2022-06-03,66.11,66.50,66.79,64.71
2022-06-07,66.96,67.00,68.30,67.00
2022-06-08,67.58,67.25,67.80,66.65
2022-06-09,67.15,67.69,69.50,67.00
2022-06-10,67.71,68.00,69.75,66.75
2022-06-13,69.08,68.90,69.00,65.65
2022-06-14,66.02,65.77,67.57,65.77
2022-06-15,66.83,66.83,68.50,66.70
2022-06-16,68.06,68.48,70.45,67.52
2022-06-17,69.48,69.88,72.30,69.88
2022-06-20,71.01,71.33,71.94,70.00
2022-06-21,70.22,71.39,72.09,70.00
2022-06-22,71.88,72.62,72.90,71.25
2022-06-23,72.01,72.02,73.14,70.99
2022-06-24,71.55,71.25,71.55,66.19
2022-06-27,67.57,67.98,68.51,67.01
2022-06-28,67.41,68.40,69.05,66.56
2022-06-29,67.25,67.49,67.80,66.00
2022-06-30,66.20,66.40,68.90,65.28
2022-07-01,67.51,67.50,67.51,66.55
2022-07-04,67.02,67.00,67.40,66.55
2022-07-05,66.71,67.05,67.05,66.10
2022-07-06,66.20,66.00,66.46,65.98
2022-07-07,66.12,66.02,69.60,66.02
2022-07-13,68.62,68.95,71.94,67.91
2022-07-14,71.32,72.00,73.20,71.24
2022-07-15,72.11,72.00,72.45,70.71
2022-07-18,70.95,69.95,70.20,68.51
2022-07-19,69.31,69.31,69.79,65.06
2022-07-20,66.47,66.70,69.20,65.75
2022-07-21,68.64,68.40,69.48,67.51
2022-07-22,68.03,68.06,69.70,67.21
2022-07-25,68.33,69.50,69.50,67.00
2022-07-26,67.87,67.99,68.70,67.50
2022-07-27,67.94,68.43,69.60,67.50
2022-07-28,68.29,68.42,70.50,68.42
2022-07-29,69.32,69.50,69.70,68.25
2022-08-01,68.45,68.74,69.00,68.00
2022-08-02,68.05,68.10,68.67,67.40
2022-08-03,67.92,68.68,70.25,68.20
2022-08-04,69.26,68.61,70.50,68.61
2022-08-05,69.57,69.30,70.55,69.30
2022-08-10,70.32,72.40,74.84,71.60
2022-08-11,73.35,73.75,73.75,72.40
2022-08-12,72.63,73.00,75.19,72.50
2022-08-15,74.31,75.49,75.49,73.75
2022-08-16,74.31,74.45,75.48,73.12
2022-08-17,73.61,74.00,74.10,72.90
2022-08-18,73.20,73.65,73.74,71.80
2022-08-19,71.99,72.49,72.49,71.50
2022-08-22,71.63,71.51,72.25,70.46
2022-08-23,70.60,71.30,72.55,71.17
2022-08-24,72.24,72.00,72.69,71.30
2022-08-25,71.42,71.69,71.75,70.45
2022-08-26,70.67,70.39,71.12,69.60
2022-08-29,69.72,70.20,70.20,68.40
2022-08-30,68.66,70.00,70.79,68.01
2022-08-31,68.16,68.15,69.79,68.01
2022-09-01,69.34,69.75,70.00,68.80
2022-09-02,69.00,68.75,69.39,67.80
2022-09-05,67.93,68.40,68.40,66.81
2022-09-06,66.85,66.70,67.40,66.70
2022-09-07,67.17,67.29,67.60,66.90
2022-09-08,67.03,67.40,67.45,67.00
2022-09-09,67.05,67.49,67.49,66.49
2022-09-12,66.71,66.90,67.32,65.95
2022-09-13,66.00,66.10,66.50,65.99
2022-09-14,66.06,66.10,66.90,65.86
2022-09-15,66.57,66.89,66.90,65.10
2022-09-16,65.44,65.75,65.75,64.51
2022-09-19,65.08,65.15,65.65,64.58
2022-09-20,64.85,65.05,65.50,59.99
2022-09-21,60.21,60.25,60.95,59.00
2022-09-22,59.92,59.30,60.18,57.81
2022-09-23,59.37,60.19,60.25,56.13
2022-09-26,58.27,58.25,59.05,57.60
2022-09-27,58.60,58.95,62.90,58.25
2022-09-28,60.95,61.25,63.30,61.00
2022-09-29,61.59,61.10,61.98,60.21
2022-09-30,61.32,60.70,62.50,59.90
2022-10-03,61.45,61.01,61.39,60.32
2022-10-04,60.44,60.55,60.55,59.20
2022-10-05,59.43,59.40,59.94,58.05
2022-10-06,58.30,58.74,59.36,58.51
2022-10-07,59.22,58.80,59.08,58.50
2022-10-10,58.64,58.97,60.02,58.60
2022-10-11,58.78,58.81,59.90,58.67
2022-10-12,59.24,59.23,59.67,58.70
2022-10-13,59.31,59.50,60.30,59.26
2022-10-14,59.51,59.98,59.98,58.90
2022-10-17,58.49,58.50,58.89,56.80
2022-10-18,57.16,57.37,57.57,56.00
2022-10-19,56.39,56.65,57.00,56.20
2022-10-20,56.59,56.97,57.40,56.10
2022-10-21,56.24,56.35,57.00,55.13
2022-10-24,56.69,57.32,57.57,56.60
2022-10-25,56.69,56.58,57.20,56.10
2022-10-26,56.17,56.00,56.00,53.50
2022-10-27,54.18,54.48,54.48,52.50
2022-10-28,53.20,53.43,53.49,50.43
2022-10-31,51.05,51.02,51.97,50.80
2022-11-01,51.54,51.73,52.72,51.50
2022-11-02,52.42,52.69,53.97,52.30
2022-11-03,53.26,53.49,54.40,53.00
2022-11-04,53.12,52.46,52.65,51.91
2022-11-07,52.26,53.00,53.55,52.80
2022-11-08,52.84,53.00,53.79,52.50
2022-11-10,53.48,53.05,56.85,53.05
2022-11-11,55.75,55.76,59.70,55.01
2022-11-14,58.98,58.11,59.25,56.97
2022-11-15,57.15,57.04,60.90,57.00
2022-11-16,59.63,59.63,61.25,58.00
2022-11-17,58.52,58.50,59.30,57.60
2022-11-18,57.94,57.53,58.10,56.70
2022-11-21,56.99,56.60,57.64,56.20
2022-11-22,57.07,57.35,57.50,56.40
2022-11-23,56.52,56.84,57.10,56.40
2022-11-24,56.56,56.51,58.01,56.49
2022-11-25,57.40,58.25,58.90,57.11
2022-11-28,57.33,56.00,57.26,55.50
2022-11-29,56.06,55.81,57.24,55.75
2022-11-30,56.65,56.97,56.99,55.90
2022-12-01,56.49,56.62,56.90,55.86
2022-12-02,56.00,55.76,56.49,55.55
2022-12-05,55.86,55.99,56.20,54.60
2022-12-06,54.79,55.05,55.05,53.90
2022-12-07,54.76,54.61,55.18,54.50
2022-12-08,54.74,55.10,55.80,54.53
2022-12-09,55.01,55.00,57.15,54.90
2022-12-12,56.04,56.10,56.50,55.79
2022-12-13,56.30,56.25,56.44,55.70
2022-12-14,55.83,55.90,58.50,55.40
2022-12-15,57.19,57.19,57.20,53.16
2022-12-16,54.94,54.80,56.78,54.51
2022-12-19,55.93,55.21,56.90,54.50
2022-12-20,55.06,54.75,55.48,53.00
2022-12-21,53.39,52.99,54.04,50.51
2022-12-22,51.73,52.55,55.60,52.40
2022-12-23,54.65,54.50,58.15,54.25
2022-12-26,57.47,59.15,61.78,59.10
2022-12-27,61.78,62.30,64.50,60.50
2022-12-28,61.11,60.90,62.75,60.60
2022-12-29,62.28,62.20,64.29,62.20
2022-12-30,63.39,63.70,68.14,63.70
2023-01-02,68.14,69.00,73.25,69.00
2023-01-03,71.37,71.75,72.49,70.11
2023-01-04,71.33,72.00,72.30,69.85
2023-01-05,70.06,71.00,73.05,70.95
2023-01-06,71.32,71.60,76.66,71.10
2023-01-09,76.05,75.99,80.20,75.70
2023-01-10,78.99,81.00,81.90,76.30
2023-01-11,78.23,79.50,83.25,77.11
2023-01-12,82.12,83.25,84.15,81.13
2023-01-13,81.68,80.10,81.00,75.70
2023-01-16,76.11,75.70,75.70,71.51
2023-01-17,73.14,73.30,74.35,67.66
2023-01-18,68.30,68.30,70.50,66.25
2023-01-19,69.86,71.00,74.90,70.00
2023-01-20,74.08,74.00,76.25,72.50
2023-01-23,72.92,73.98,75.00,73.00
2023-01-24,74.55,74.50,79.50,74.50
2023-01-25,78.15,79.40,82.00,78.80
2023-01-26,80.17,80.75,81.78,78.81
2023-01-27,80.26,80.99,81.00,77.70
2023-01-30,78.65,79.65,80.00,75.55
2023-01-31,76.26,76.50,78.55,74.80
2023-02-01,77.53,78.24,80.90,76.12
2023-02-02,76.63,76.00,76.00,72.80
2023-02-03,75.35,75.50,75.90,73.90
2023-02-06,74.56,78.61,80.15,76.10
2023-02-07,80.15,83.00,85.60,80.25
2023-02-08,81.12,79.86,81.70,77.86
2023-02-09,80.05,81.50,85.00,80.71
2023-02-10,83.84,81.70,86.00,79.05
2023-02-13,80.01,79.00,81.90,77.91
2023-02-14,79.99,80.79,81.18,76.20
2023-02-15,76.81,76.50,78.17,75.91
2023-02-16,77.54,78.48,78.48,74.80
2023-02-17,75.31,75.47,75.95,73.81
2023-02-20,75.18,75.24,75.28,70.90
2023-02-21,71.19,72.48,72.48,71.40
2023-02-22,71.89,72.10,72.20,70.39
2023-02-23,70.53,70.00,70.00,67.51
2023-02-24,67.83,67.76,68.20,66.51
2023-02-27,66.64,66.62,67.40,65.00
2023-02-28,65.77,65.40,66.00,62.15
2023-03-01,62.93,62.70,62.98,60.46
2023-03-02,61.89,61.89,63.75,61.70
2023-03-03,62.96,61.66,67.68,61.55
2023-03-06,67.68,69.10,71.99,68.50
2023-03-07,70.11,71.00,71.48,68.55
2023-03-08,69.11,69.11,71.00,68.99
2023-03-09,69.78,70.50,70.73,70.03
2023-03-10,69.41,69.99,70.20,68.60
2023-03-13,68.73,70.99,73.50,70.50
2023-03-14,72.91,72.60,72.75,71.00
2023-03-15,71.73,71.11,72.25,70.76
2023-03-16,71.11,71.30,72.27,70.00
2023-03-17,70.25,70.25,70.25,68.72
2023-03-20,69.18,68.99,69.18,66.45
2023-03-21,66.65,66.90,69.18,66.51
2023-03-22,68.35,68.45,68.98,66.00
2023-03-24,66.27,66.20,66.20,64.45
2023-03-27,64.81,65.60,65.60,63.90
2023-03-28,64.08,64.29,65.00,63.50
2023-03-29,63.71,64.15,64.15,62.35
2023-03-30,62.60,63.05,64.15,63.05
2023-03-31,63.72,63.58,65.80,62.86
2023-04-03,63.96,63.89,64.77,63.30
2023-04-04,64.38,64.65,64.65,62.20
2023-04-05,63.02,63.80,64.05,62.50
2023-04-06,63.16,63.97,67.89,63.55
2023-04-07,67.88,68.50,69.30,65.30
2023-04-10,66.07,65.59,66.39,64.73
2023-04-11,65.05,65.00,65.25,63.90
2023-04-12,64.85,64.40,67.40,64.40
2023-04-13,66.98,67.99,68.75,66.75
2023-04-17,67.22,67.73,68.44,66.90
2023-04-18,67.17,67.00,67.86,66.50
2023-04-19,67.33,67.50,67.90,67.05
2023-04-20,67.41,68.00,68.48,67.10
2023-04-26,68.20,68.60,69.10,67.86
2023-04-27,68.12,67.90,68.21,66.80
2023-04-28,67.45,67.45,67.70,66.50
2023-05-02,66.58,66.58,66.98,65.50
2023-05-03,65.66,65.42,66.00,64.91
2023-05-04,65.38,65.60,65.70,64.22
2023-05-05,64.39,64.39,65.88,64.05
2023-05-08,64.77,65.09,65.15,63.01
2023-05-09,63.29,63.29,63.29,61.10
2023-05-10,61.70,61.30,62.29,60.51
2023-05-11,60.72,61.00,61.75,60.53
2023-05-12,61.08,62.00,62.00,59.85
2023-05-15,60.49,60.25,60.25,59.10
2023-05-16,59.28,60.00,61.38,59.60
2023-05-17,60.87,60.88,61.40,59.50
2023-05-18,59.59,59.59,59.99,58.80
2023-05-19,59.06,59.00,60.91,58.90
2023-05-22,60.29,60.49,60.49,58.70
2023-05-23,58.83,58.85,58.99,58.02
2023-05-24,58.21,58.48,59.18,58.05
2023-05-25,58.35,58.50,59.30,58.20
2023-05-26,58.60,58.49,58.77,56.69
2023-05-29,56.82,57.00,58.20,56.99
2023-05-30,57.09,57.25,59.33,57.25
2023-05-31,58.52,58.57,58.97,57.50
2023-06-01,57.60,57.70,58.87,57.30
2023-06-02,58.07,57.80,58.30,57.80
2023-06-05,58.06,58.05,61.89,58.05
2023-06-06,61.57,61.90,63.18,61.05
2023-06-07,61.28,61.44,61.92,60.75
2023-06-08,61.46,61.25,62.62,60.35
2023-06-09,60.54,60.50,62.10,60.50
2023-06-12,61.58,62.00,62.00,59.80
2023-06-13,60.10,60.00,60.70,59.52
2023-06-14,60.18,60.40,60.60,60.00
2023-06-15,60.05,59.91,60.34,58.80
2023-06-16,58.91,59.00,59.79,58.35
2023-06-19,58.50,58.98,58.98,55.90
2023-06-20,56.30,56.10,57.80,56.00
2023-06-21,57.50,57.50,58.40,56.55
2023-06-22,56.76,56.76,57.30,56.06
2023-06-23,56.36,56.30,56.94,56.09
2023-06-26,56.38,58.00,59.30,57.55
2023-06-27,58.79,58.45,60.15,58.15
2023-07-03,59.14,63.58,63.58,63.58
2023-07-04,63.58,68.00,68.00,65.10
2023-07-05,65.67,65.16,66.89,64.31
2023-07-06,65.03,65.00,68.00,64.85
2023-07-07,67.24,67.49,67.60,66.19
2023-07-10,66.66,66.80,67.50,66.03
2023-07-11,66.39,66.99,68.70,66.20
2023-07-12,68.00,68.97,70.15,68.41
2023-07-13,69.49,70.25,71.48,69.12
2023-07-14,69.57,69.40,69.85,68.10
2023-07-17,68.33,68.55,69.15,68.00
2023-07-18,68.35,68.50,68.60,66.80
2023-07-19,67.06,67.40,69.52,67.30
2023-07-20,68.66,69.19,71.48,68.99
2023-07-21,70.97,71.39,71.80,69.80
2023-07-24,69.91,70.00,70.49,69.20
2023-07-25,69.73,69.62,71.20,69.38
2023-07-26,70.54,70.64,70.71,69.73
2023-07-27,69.86,70.17,74.95,70.15
2023-07-31,72.73,74.10,78.08,74.00
2023-08-01,77.60,79.00,79.00,76.02
2023-08-02,76.21,76.21,78.45,75.76
2023-08-03,77.97,78.00,78.89,75.80
2023-08-04,76.26,75.51,77.10,75.51
2023-08-07,76.38,77.50,79.74,74.00
2023-08-08,74.97,74.00,74.00,69.40
2023-08-09,69.72,69.72,74.95,69.03
2023-08-10,73.84,75.40,75.71,70.01
2023-08-11,70.67,71.00,74.70,71.00
2023-08-15,72.87,72.97,75.37,71.82
2023-08-16,74.06,74.00,74.80,72.71
2023-08-17,72.90,72.90,74.50,72.20
2023-08-18,74.23,74.95,79.38,74.90
2023-08-21,76.15,76.00,76.30,74.16
2023-08-22,74.43,74.56,76.70,74.30
2023-08-23,75.83,76.25,76.78,74.70
2023-08-24,76.24,76.95,77.30,75.66
2023-08-25,75.92,75.92,75.92,74.50
2023-08-28,75.15,75.01,75.01,73.20
2023-08-29,73.43,73.50,73.50,70.63
2023-08-30,71.24,70.51,71.79,68.70
2023-08-31,69.62,69.85,70.44,64.40
2023-09-01,66.05,66.00,67.95,65.41
2023-09-04,67.59,68.00,69.25,67.60
2023-09-05,68.90,69.49,69.49,67.01
2023-09-06,67.42,67.50,69.70,67.11
2023-09-07,68.69,68.60,71.85,68.40
2023-09-08,69.98,70.12,72.45,69.90
2023-09-11,72.01,72.47,74.18,72.10
2023-09-12,73.68,73.11,73.11,71.50
2023-09-13,72.33,72.40,73.95,72.10
2023-09-14,73.12,73.24,73.48,72.59
2023-09-15,72.91,74.10,74.50,72.01
2023-09-18,72.27,72.98,73.08,72.30
2023-09-19,72.71,72.99,73.84,72.80
2023-09-20,73.14,73.40,73.48,71.12
2023-09-21,71.62,71.50,72.65,71.30
2023-09-22,72.40,72.40,74.74,72.00
2023-09-25,74.08,74.08,74.70,73.70
2023-09-26,74.17,74.46,74.46,72.76
2023-09-27,72.97,72.81,75.48,72.52
2023-09-28,74.47,74.84,74.88,73.70
2023-10-02,74.07,74.49,75.90,74.12
2023-10-03,75.47,75.99,76.30,74.30
2023-10-04,75.16,74.95,75.40,74.40
2023-10-05,74.51,74.55,74.85,73.06
2023-10-06,73.82,74.00,74.00,72.05
2023-10-09,72.82,72.10,74.70,71.75
2023-10-10,73.72,73.99,74.44,73.25
2023-10-11,73.93,74.56,75.99,74.15
2023-10-12,75.75,76.24,77.25,75.81
2023-10-13,76.77,76.86,81.89,76.21
2023-10-16,80.62,81.05,84.00,80.00
2023-10-17,78.83,79.75,80.12,77.30
2023-10-18,77.70,77.60,77.99,76.51
2023-10-19,77.48,77.14,83.29,77.13
2023-10-20,82.95,82.90,83.20,81.32
2023-10-23,82.56,83.01,87.00,82.81
2023-10-24,85.22,86.00,86.00,81.63
2023-10-25,82.72,82.65,83.89,81.95
2023-10-26,82.46,82.45,82.90,80.60
2023-10-27,80.83,80.85,81.45,78.51
2023-10-30,79.26,79.37,81.70,78.95
2023-10-31,80.73,83.00,83.65,80.90
2023-11-01,81.11,81.51,82.80,80.80
2023-11-02,81.01,81.10,84.20,80.50
2023-11-03,81.37,81.12,82.78,80.81
2023-11-06,82.02,82.50,82.55,80.70
2023-11-07,81.42,81.81,82.38,80.14
2023-11-08,80.45,80.11,81.70,80.11
2023-11-10,80.62,81.55,82.97,81.11
2023-11-13,81.96,81.90,83.50,81.55
2023-11-14,82.67,83.06,83.90,81.05
2023-11-15,83.52,84.00,86.99,83.55
2023-11-16,86.31,87.02,92.78,86.30
2023-11-17,92.56,93.49,94.74,91.00
2023-11-20,91.88,91.89,92.70,90.30
2023-11-21,90.77,90.81,92.15,88.80
2023-11-22,89.48,89.00,93.48,89.00
2023-11-23,92.31,92.55,93.60,89.88
2023-11-24,90.53,90.99,92.50,90.00
2023-11-27,90.83,91.50,92.90,90.49
2023-11-28,91.58,92.00,94.60,91.80
2023-11-29,93.27,93.27,95.24,91.20
2023-11-30,92.12,92.50,93.75,91.50
2023-12-01,91.77,92.44,95.10,91.50
2023-12-04,94.72,96.01,101.82,96.01
2023-12-05,100.04,100.50,107.54,98.30
2023-12-06,107.36,109.89,113.98,107.00
2023-12-07,110.98,108.99,112.50,108.50
2023-12-08,110.71,112.00,115.11,111.76
2023-12-11,113.85,113.00,115.00,111.50
2023-12-12,113.96,114.00,115.95,114.00
2023-12-13,115.04,116.50,119.49,110.25
2023-12-14,115.14,114.50,123.78,113.00
2023-12-15,120.77,125.00,127.80,122.60
2023-12-18,126.26,126.00,126.95,121.35
2023-12-19,123.07,121.80,124.54,115.01
2023-12-20,118.64,120.30,122.00,114.50
2023-12-21,120.37,124.01,124.49,119.80
2023-12-22,122.81,123.00,123.50,117.02
2023-12-26,117.83,116.60,116.74,108.99
2023-12-27,108.99,107.25,112.00,104.81
2023-12-28,111.18,112.50,114.20,109.05
2023-12-29,111.04,112.00,119.00,110.80
2024-01-01,115.03,117.01,123.66,116.50
2024-01-02,123.66,127.50,131.50,125.11
2024-01-03,126.01,127.00,130.74,125.11
2024-01-04,129.59,129.90,129.96,125.50
2024-01-05,128.23,127.98,129.99,122.50
2024-01-08,127.43,126.90,128.23,124.50
2024-01-09,125.08,127.10,127.50,124.75
2024-01-10,125.41,125.20,130.99,124.88
2024-01-11,126.63,127.40,135.90,126.50
2024-01-12,132.63,134.02,137.90,132.20
2024-01-15,133.79,135.38,137.40,130.75
2024-01-16,132.12,131.50,131.50,125.75
2024-01-17,126.65,126.00,128.70,121.41
2024-01-18,123.63,123.50,124.24,119.15
2024-01-19,122.14,123.60,124.88,120.51
2024-01-22,122.28,122.40,131.45,122.40
2024-01-23,131.01,131.01,131.24,125.02
2024-01-24,126.67,126.90,130.90,124.51
2024-01-25,127.70,126.70,126.80,118.12
2024-01-26,118.28,117.01,121.75,116.51
2024-01-29,118.30,117.89,117.89,113.01
2024-01-30,113.68,113.68,119.97,108.01
2024-01-31,113.89,115.88,116.89,113.70
2024-02-01,114.05,114.00,117.25,109.75
2024-02-02,115.80,116.49,117.38,112.01
2024-02-06,114.34,115.94,121.36,115.00
2024-02-07,120.36,120.99,122.69,119.50
2024-02-09,121.27,118.99,118.99,112.17
2024-02-12,116.78,112.00,113.00,108.02
2024-02-13,108.02,99.92,105.15,99.92
2024-02-14,101.27,105.00,108.18,104.01
2024-02-15,107.37,109.00,109.35,100.70
2024-02-16,102.45,100.10,103.50,95.60
2024-02-19,98.23,94.60,105.34,94.00
2024-02-21,102.39,105.00,106.88,103.52
2024-02-22,105.32,105.50,105.98,103.50
2024-02-23,104.26,104.30,110.15,103.81
2024-02-26,109.07,109.11,111.60,107.40
2024-02-27,108.21,107.99,108.98,106.29
2024-02-28,106.68,107.00,109.44,106.24
2024-02-29,108.34,109.80,114.97,109.20
2024-03-01,113.48,113.87,114.00,112.01
2024-03-04,113.07,114.50,120.90,114.50
2024-03-05,117.37,118.00,118.99,113.30
2024-03-06,114.20,113.81,117.00,113.81
2024-03-07,114.35,114.05,115.98,113.52
2024-03-08,115.30,116.00,116.40,114.70
2024-03-11,114.93,116.00,116.00,114.25
2024-03-12,114.62,115.05,115.50,110.50
2024-03-13,111.06,111.00,112.30,107.02
2024-03-14,108.52,110.00,113.45,109.50
2024-03-15,112.97,114.88,114.88,111.01
2024-03-18,111.62,112.06,113.00,110.50
2024-03-19,110.93,111.00,112.40,110.11
2024-03-20,111.09,111.99,112.25,108.50
2024-03-21,108.95,109.70,110.00,106.10
2024-03-22,106.62,106.75,106.75,105.35
2024-03-25,106.02,109.00,110.80,106.00
2024-03-26,107.78,108.50,108.85,106.70
2024-03-27,107.37,107.88,107.90,105.51
2024-03-28,105.79,106.00,107.75,105.80
2024-03-29,107.17,107.75,108.70,105.80
2024-04-01,106.15,106.55,107.10,105.15
2024-04-02,105.61,105.98,105.98,103.60
2024-04-03,104.53,105.00,108.55,104.00
2024-04-04,108.07,114.83,114.83,108.70
2024-04-08,110.17,111.99,114.00,111.20
2024-04-09,112.61,112.72,114.24,111.50
2024-04-15,112.66,114.24,114.98,110.50
2024-04-16,114.33,114.25,116.90,113.51
2024-04-17,113.99,113.40,113.79,112.10
2024-04-18,112.54,112.52,114.01,111.52
2024-04-19,112.61,113.00,114.90,112.00
2024-04-22,113.38,114.00,115.15,112.80
2024-04-23,113.40,113.91,114.39,112.50
2024-04-24,112.98,113.48,114.35,113.02
2024-04-25,113.33,113.00,114.56,112.50
2024-04-26,113.74,113.81,115.20,113.00
2024-04-29,114.05,114.30,115.00,112.00
2024-04-30,112.05,112.26,119.25,111.21
2024-05-02,114.91,115.15,118.50,114.70
2024-05-03,116.60,117.80,125.35,117.10
2024-05-06,124.33,127.01,128.40,124.35
2024-05-07,125.31,125.00,125.75,121.75
2024-05-08,122.12,121.12,124.60,121.12
2024-05-09,121.28,122.26,122.74,120.55
2024-05-10,121.51,122.70,124.25,121.30
2024-05-13,122.46,122.50,126.70,121.45
2024-05-14,124.27,125.00,125.90,123.60
2024-05-15,125.44,126.01,126.49,122.70
2024-05-16,123.06,123.49,124.37,122.52
2024-05-17,122.76,122.90,124.80,122.62
2024-05-20,123.50,122.80,123.50,121.36
2024-05-21,122.29,122.51,124.10,122.10
2024-05-22,122.73,123.10,123.61,120.60
2024-05-23,121.75,122.13,123.20,121.30
2024-05-24,122.28,122.75,125.40,122.75
2024-05-27,123.58,124.02,124.20,120.85
2024-05-29,121.23,121.68,121.68,117.35
2024-05-30,118.02,118.49,120.00,117.20
2024-05-31,119.42,120.00,121.50,119.50
2024-06-03,119.94,120.25,120.44,117.75
2024-06-04,119.35,119.50,120.20,117.05
2024-06-05,117.31,117.51,117.77,116.01
2024-06-06,116.31,116.46,119.75,116.00
2024-06-07,116.92,116.85,116.85,113.40
2024-06-10,114.42,114.04,114.50,111.99
2024-06-11,112.42,113.47,113.67,109.73
2024-06-12,111.82,110.73,114.90,110.73
2024-06-13,114.18,116.51,123.13,116.12
2024-06-14,122.85,122.69,123.14,119.45
2024-06-20,119.76,120.25,120.70,117.50
2024-06-21,119.22,120.01,121.45,118.50
2024-06-24,119.59,119.67,120.47,118.11
2024-06-25,118.31,118.70,118.70,116.60
2024-06-26,116.81,116.97,119.65,115.70
2024-06-27,118.44,118.50,119.75,116.80
2024-06-28,117.43,117.50,118.75,116.62
2024-07-01,117.11,117.15,122.95,116.80
2024-07-02,120.85,121.00,125.22,121.00
2024-07-03,123.75,124.49,126.20,123.70
2024-07-04,124.72,125.00,125.90,122.80
2024-07-05,123.26,123.51,123.51,121.80
2024-07-08,122.30,122.40,124.70,121.40
2024-07-09,123.79,124.20,125.20,123.00
2024-07-10,123.42,123.15,123.50,119.60
2024-07-11,120.82,120.50,121.75,119.00
2024-07-12,119.32,119.89,120.49,116.00
2024-07-15,118.69,121.00,122.50,119.74
2024-07-18,120.46,120.46,122.89,120.03
2024-07-19,122.36,122.45,122.99,116.50
2024-07-22,117.44,117.18,117.57,114.00
2024-07-23,114.50,114.55,116.60,113.50
2024-07-24,115.62,116.30,116.80,115.26
2024-07-25,115.70,115.99,116.60,114.40
2024-07-26,114.77,114.01,114.94,112.90
2024-07-29,113.09,113.37,116.49,113.00
2024-07-30,114.04,115.39,115.80,113.03
2024-07-31,113.40,114.15,114.15,111.40
2024-08-01,112.02,112.39,112.39,110.13
2024-08-02,110.71,110.99,113.50,110.99
2024-08-05,112.54,113.80,117.40,110.80
2024-08-06,111.58,113.50,113.98,111.35
2024-08-07,111.64,112.20,112.99,110.25
2024-08-08,110.64,111.01,116.50,110.10
2024-08-09,114.13,115.44,115.90,113.01
2024-08-12,113.92,114.48,114.60,112.00
2024-08-13,112.42,112.42,113.29,111.50
2024-08-15,111.90,112.43,113.28,112.00
2024-08-16,112.40,112.50,113.34,111.01
2024-08-19,111.11,112.01,113.10,111.11
2024-08-20,111.94,111.51,112.85,111.21
2024-08-21,112.49,112.12,113.75,112.05
2024-08-22,112.61,112.90,114.40,112.50
2024-08-23,112.97,113.79,113.80,112.40
2024-08-26,112.56,113.00,113.60,112.20
2024-08-27,112.48,113.50,115.20,111.95
2024-08-28,112.12,113.40,113.48,111.70
2024-08-29,111.87,112.47,112.60,111.61
2024-08-30,111.82,112.01,112.30,110.50
2024-09-02,110.61,111.10,113.25,111.00
2024-09-03,111.50,111.55,112.55,111.45
2024-09-04,112.18,112.70,114.25,112.50
2024-09-05,113.06,113.10,113.63,112.30
2024-09-06,113.01,113.20,113.35,112.01
2024-09-09,112.44,113.50,114.00,112.01
2024-09-10,112.30,112.74,113.50,111.60
2024-09-11,112.52,113.05,113.40,112.28
2024-09-12,112.60,112.94,113.90,112.50
2024-09-13,113.41,115.98,116.01,114.05
2024-09-16,114.59,114.06,115.30,113.78
2024-09-18,114.50,114.51,115.01,114.01
2024-09-19,114.51,114.55,117.00,114.55
2024-09-20,116.32,116.90,117.45,110.15
2024-09-23,113.24,112.90,112.99,109.50
2024-09-24,109.92,110.46,110.59,106.80
2024-09-25,107.99,108.49,109.61,107.70
2024-09-26,108.77,110.10,110.74,107.41
2024-09-27,107.78,108.11,109.00,107.05
2024-09-30,107.60,107.70,108.00,106.40
2024-10-01,106.82,107.00,109.10,106.40
2024-10-02,108.59,108.49,109.75,107.50
2024-10-03,108.89,108.90,112.72,108.90
2024-10-04,111.46,111.00,119.55,111.00
2024-10-07,118.60,118.43,127.90,117.01
2024-10-08,126.69,126.70,130.50,126.70
2024-10-09,128.12,128.00,131.32,125.00
2024-10-10,126.27,126.06,134.65,124.90
2024-10-11,132.25,132.51,136.50,130.49
2024-10-14,131.74,131.50,133.00,129.50
2024-10-15,130.47,131.00,132.90,129.00
2024-10-16,128.56,129.00,134.00,129.00
2024-10-17,133.05,134.00,134.50,130.40
2024-10-18,131.30,131.45,131.70,127.50
2024-10-21,128.65,127.25,130.10,127.25
2024-10-22,129.50,129.50,131.81,129.50
2024-10-23,130.17,130.20,131.70,128.12
2024-10-24,130.95,131.50,136.50,131.50
2024-10-25,133.37,134.70,143.00,134.39
2024-10-28,136.17,136.44,144.21,136.22
2024-10-29,138.51,139.44,141.00,135.75
2024-10-30,139.27,140.97,146.30,140.80
2024-10-31,143.00,143.00,144.40,140.03
2024-11-01,141.53,142.25,153.40,140.50
2024-11-04,151.90,153.50,156.49,144.26
2024-11-05,147.77,149.10,149.24,144.30
2024-11-06,147.09,145.98,147.95,144.90
2024-11-07,145.84,147.25,149.00,145.15
2024-11-08,145.62,147.25,151.60,145.65
2024-11-11,150.07,150.90,155.50,150.45
2024-11-12,154.16,154.85,155.00,150.01
2024-11-13,151.17,151.50,152.95,149.15
2024-11-14,150.06,150.70,154.98,150.50
2024-11-15,152.53,152.50,155.89,151.03
2024-11-18,152.68,153.00,155.00,152.50
2024-11-19,153.79,154.74,157.50,153.80
2024-11-20,155.82,156.00,160.30,154.00
2024-11-21,155.77,155.90,159.85,154.00
2024-11-22,157.92,158.50,162.39,154.66
2024-11-25,155.45,156.00,156.00,152.50
2024-11-26,154.07,154.00,154.00,141.90
2024-11-27,143.70,150.01,153.95,149.00
2024-11-28,152.67,154.99,165.00,154.11
2024-11-29,163.85,164.25,170.97,161.25
2024-12-02,168.02,169.63,173.90,164.67
2024-12-03,167.17,167.00,168.85,162.90
2024-12-04,166.56,167.50,169.65,164.52
2024-12-05,167.38,169.99,177.70,167.25
2024-12-06,175.50,177.51,179.20,173.25
2024-12-09,174.57,174.57,179.10,172.25
2024-12-10,176.26,178.00,178.80,171.26
2024-12-11,174.07,174.80,187.47,174.80
2024-12-12,185.41,186.00,203.00,186.00
2024-12-13,199.93,203.00,204.89,195.00
2024-12-16,201.45,204.45,214.98,203.00
2024-12-17,211.40,211.70,215.20,202.50
2024-12-18,205.85,209.01,214.90,195.51
2024-12-19,197.88,196.76,200.50,186.50
2024-12-20,190.32,189.00,196.00,182.00
2024-12-23,193.08,194.00,205.38,193.20
2024-12-24,203.34,205.01,216.50,198.04
2024-12-26,200.35,200.35,201.60,188.50
2024-12-27,191.66,192.00,197.79,189.00
2024-12-30,191.53,194.00,199.50,193.90
2024-12-31,198.96,213.97,213.97,202.00
2025-01-01,203.55,202.00,206.50,199.00
2025-01-02,203.13,204.00,204.25,196.98
2025-01-03,198.24,198.24,198.25,190.01
2025-01-06,193.01,193.50,196.50,188.00
2025-01-07,189.60,191.50,191.90,180.00
2025-01-08,189.03,189.00,193.49,182.00
2025-01-09,183.03,183.00,187.00,180.50
2025-01-10,183.57,182.00,196.10,181.00
2025-01-13,193.09,197.00,198.99,191.95
2025-01-14,194.30,195.00,195.10,191.80
2025-01-15,192.73,193.00,195.00,189.60
2025-01-16,190.86,192.00,192.00,186.50
2025-01-17,187.12,187.90,192.00,185.50
2025-01-20,190.60,192.00,193.05,188.00
2025-01-21,188.76,190.35,190.70,184.00
2025-01-22,185.93,186.22,186.95,181.51
2025-01-23,182.19,183.00,185.50,181.03
2025-01-24,182.35,182.51,185.10,181.00
2025-01-27,181.46,182.99,183.10,177.00
2025-01-28,177.92,179.00,179.00,172.32
2025-01-29,173.91,174.00,176.10,170.50
2025-01-30,174.25,174.99,179.80,174.55
2025-01-31,178.56,180.00,182.50,178.00
2025-02-03,178.91,180.00,180.00,174.68
2025-02-04,175.05,176.00,177.10,170.65
2025-02-06,172.28,173.00,173.00,165.50
2025-02-07,167.89,167.49,169.94,166.80
2025-02-10,168.09,167.99,173.45,166.60
2025-02-11,171.88,174.40,182.75,172.70
2025-02-12,180.41,180.80,185.00,178.50
2025-02-13,183.73,183.90,186.00,177.10
2025-02-14,178.84,179.00,180.40,172.91
2025-02-17,173.46,173.62,175.20,170.02
2025-02-18,170.54,171.95,175.00,170.22
2025-02-19,174.61,175.55,176.50,171.99
2025-02-20,173.65,173.85,178.00,172.48
2025-02-21,174.44,175.00,175.84,171.91
2025-02-24,172.21,171.00,180.00,169.60
2025-02-25,178.06,180.00,183.95,175.62
2025-02-26,176.76,176.20,177.00,172.01
2025-02-27,172.86,173.00,176.70,172.50
2025-02-28,175.00,174.98,175.99,171.00
2025-03-03,173.29,174.99,174.99,170.50
2025-03-04,170.87,171.00,173.50,171.00
2025-03-05,172.75,173.24,173.98,170.70
2025-03-06,171.11,171.48,184.99,170.90
2025-03-07,183.99,185.00,191.90,185.00
2025-03-10,186.63,183.48,185.20,180.20
2025-03-11,181.48,180.00,188.29,177.26
2025-03-12,184.67,186.50,188.50,183.01
2025-03-13,184.23,183.87,185.99,183.30
2025-03-14,184.62,186.00,186.15,182.10
2025-03-17,183.08,185.79,185.95,182.85
2025-03-18,184.09,186.00,190.00,185.60
2025-03-19,187.05,187.10,190.43,185.50
2025-03-20,189.65,191.88,193.80,190.10
2025-03-21,192.27,192.70,193.60,190.10
2025-03-24,191.38,191.38,192.38,183.25
2025-03-25,184.50,183.50,187.50,181.25
2025-03-26,185.48,194.00,194.40,185.63
2025-03-27,193.30,193.70,193.70,190.30
2025-04-03,191.48,189.87,192.49,188.05
2025-04-04,191.80,193.00,193.25,185.20
2025-04-07,185.92,184.00,184.00,167.33
2025-04-08,174.79,177.40,178.49,173.00
2025-04-09,174.22,173.80,173.90,164.11
2025-04-10,168.77,175.50,177.90,172.79
2025-04-11,173.87,173.88,173.88,168.40
2025-04-14,169.60,171.49,173.44,168.53
2025-04-15,171.28,171.50,174.85,170.50
2025-04-16,172.71,174.75,175.00,168.55
2025-04-17,169.68,169.68,171.99,169.10
2025-04-18,171.74,172.90,173.65,169.11
2025-04-21,170.90,171.00,172.00,169.50
2025-04-22,170.81,171.01,172.30,170.00
2025-04-23,170.66,171.00,172.49,168.75
2025-04-24,169.82,168.90,168.90,166.00
2025-04-25,166.40,167.00,168.00,159.00
2025-04-28,164.05,166.00,166.48,159.10
2025-04-29,160.25,160.25,161.50,154.00
2025-04-30,157.10,153.50,154.00,147.50
2025-05-02,148.60,151.90,153.02,149.15
2025-05-05,150.83,148.50,150.95,147.00
2025-05-06,148.48,149.75,154.95,148.50
2025-05-07,151.80,141.00,150.00,141.00
2025-05-08,145.28,147.10,149.25,130.75
2025-05-09,130.91,132.00,140.00,128.56
2025-05-12,138.86,152.75,152.75,152.75
2025-05-13,152.75,160.00,168.03,158.01
2025-05-14,168.03,169.99,172.30,166.75
2025-05-15,169.91,170.00,178.00,170.00
2025-05-16,173.25,174.00,175.50,171.50
2025-05-19,172.39,174.40,177.99,172.60
2025-05-20,175.75,176.00,177.00,172.21
2025-05-21,173.05,173.80,175.98,172.25
2025-05-22,175.29,176.00,176.79,169.25
2025-05-23,170.33,170.07,171.45,166.60
2025-05-26,169.04,167.53,168.94,163.65
2025-05-27,165.81,166.90,169.00,165.26
2025-05-29,167.46,168.51,170.50,167.25
2025-05-30,168.09,168.26,168.89,166.00
2025-06-02,166.35,167.75,171.20,161.45
2025-06-03,163.39,163.50,166.15,163.00
2025-06-04,165.33,166.30,170.00,165.50
2025-06-05,168.40,168.48,168.80,166.00
2025-06-10,166.55,167.90,167.90,165.00
2025-06-11,165.47,168.00,177.00,168.00
2025-06-12,174.37,174.51,177.30,170.00
2025-06-13,170.99,168.00,171.00,166.10
2025-06-16,167.09,167.11,169.39,166.80
2025-06-17,167.23,166.90,168.80,165.65
2025-06-18,167.42,167.99,167.99,162.80
2025-06-19,163.44,167.90,167.90,161.40
2025-06-20,162.42,163.00,165.60,162.30
